Show name,id,name,season,summary
The Golden Girls,63861,The Engagement,1,"<p>Senior Miami roommates Dorothy Zbornak (Beatrice Arthur), Rose Nylund (Betty White) and Blanche Devereaux (Rue McClanahan) are in for a shock when Blanche's boyfriend of one week, Harry, proposes marriage to her. Meanwhile, Dorothy's mother Sophia Petrillo (Estelle Getty) moves in with the girls after her retirement home burns down.</p>"
The Golden Girls,63862,Guess Who's Coming to the Wedding?,1,"<p>Dorothy's daughter Kate comes to Miami for a visit, and announces she's getting married. Dorothy is overjoyed at the news until she learns that Kate wants her father, Dorothy's ex-husband Stanley, to be present at the ceremony.</p>"
The Golden Girls,63863,Rose the Prude,1,"<p>Rose becomes nervous when her latest beau, Arnie, invites her to go on a cruise with him. The two will be sharing a stateroom, which would be the first time Rose has slept with a man since her husband Charlie's death several years prior. Meanwhile, Dorothy and Sophia face off in a gin rummy marathon.</p>"
The Golden Girls,63864,Transplant,1,"<p>Blanche's sister Virginia stops by for a visit, and tells Blanche some horrific news -- she's dying from renal failure, and needs Blanche's kidney to survive. Meanwhile, the girls babysit for a neighbor.</p>"
The Golden Girls,63865,The Triangle,1,"<p>Dorothy begins dating a doctor who Blanche also has an eye on. Unfortunately, the good doctor also has an eye on Blanche, and makes a pass at her.</p>"
The Golden Girls,63866,On Golden Girls,1,"<p>Blanche's troubled grandson David visits the household and causes a ruckus, partying at night with a rough crowd and interrupting the girls' lives. Meanwhile, Dorothy studies for her French final.</p>"
The Golden Girls,63867,The Competition,1,"<p>Blanche and Dorothy team up against Rose and Sophia in a bowling tournament. Meanwhile, an old flame of Sophia's visits from Sicily.</p>"
The Golden Girls,63868,Break-In,1,"<p>The girls come home from a Madonna concert to find the house has been broken into, which frightens Rose to such an extent that she buys a gun for protection.</p>"
The Golden Girls,63869,Blanche and the Younger Man,1,"<p>Rose's feisty mother comes for a visit and becomes fed up with how Rose treats her like a child. Meanwhile, Blanche begins dating her much younger aerobics instructor.</p>"
The Golden Girls,63870,Heart Attack,1,"<p>Sophia appears to suffer a heart attack after dinner one night. The paramedics are called, but the ambulance is stalled by downed trees and power lines that are the result of a tropical storm.</p>"
The Golden Girls,63871,The Return of Dorothy's Ex,1,"<p>Stanley shows up to settle a piece of land he and Dorothy had bought on their honeymoon. When the two meet up for lunch, he tells her his wife has left him. Meanwhile, she, Rose and Blanche figure out where to go on a vacation trip.</p>"
The Golden Girls,63872,The Custody Battle,1,"<p>While Dorothy's wealthy sister Gloria is in town, Dorothy blows up at Sophia over constantly interfering in her life and not giving her her space. As a result, Gloria asks Sophia to move in with her, and Sophia accepts.</p>"
The Golden Girls,63873,A Little Romance,1,"<p>Rose is reluctant to invite her latest boyfriend, Dr. Jonathan Newman, over to the house for dinner. When he finally comes over, the girls discover why -- he's a midget. Meanwhile, Sophia attends the graduation of one of her grandsons from a dog grooming school.</p>"
The Golden Girls,63874,That Was No Lady,1,"<p>Dorothy is head over heels for her latest boyfriend, Glen O'Brien, but falls flat when he tells her he's married. Meanwhile, Blanche sells her old car to Rose to pay for a new one.</p>"
The Golden Girls,63875,In a Bed of Rose's,1,"<p>Rose brings a man home one night, but the girls find him dead in her bed the next morning. Upon trying to notify his sister, whom he lived with, Rose discovers the \"sister\" was actually his wife.</p>"
The Golden Girls,63876,The Truth Will Out,1,"<p>Rose's daughter Kirsten and granddaughter Charley arrive to settle her late husband Charlie's will, something that Rose is not looking forward to. Meanwhile, Blanche becomes engrossed in the tabloid reportings of a high society murder.</p>"
The Golden Girls,63877,Nice and Easy,1,"<p>Blanche becomes concerned when her visiting niece Lucy becomes romantically involved with a different man every night. Meanwhile, Dorothy tries to get rid of a mouse.</p>"
The Golden Girls,63878,The Operation,1,"<p>A tumor on Dorothy's foot prevents her from practicing with Rose and Blanche for a dance recital. Though the tumor requires surgery, Dorothy refuses to have it, due to her phobia of hospitals. Meanwhile, Rose and Blanche rework the routine around Dorothy's absence.</p>"
The Golden Girls,63879,Second Motherhood,1,"<p>Blanche's wealthy suitor asks her to marry him, but she is reluctant to accept on account of him having very small children. Meanwhile, after dealing with a sexist plumber, Rose and Dorothy decide to install a new toilet themselves.</p>"
The Golden Girls,63880,Adult Education,1,"<p>Blanche is about to fail her psychology course at the junior college, and her professor ultimately makes her a deal -- he'll give her an A on the final exam, but only if she sleeps with him. Meanwhile, Dorothy tries to score tickets to a Frank Sinatra concert.</p>"
The Golden Girls,63881,The Flu,1,"<p>Dorothy, Blanche and Rose all come down with the flu a week before they're scheduled to attend an awards banquet -- where one of them is rumored to have won the big award.</p>"
The Golden Girls,63882,Job Hunting,1,"<p>The grief counseling center where Rose works is suddenly closed, leaving Rose out of a job. She looks everywhere she can for another job, but finds no one is willing to hire her on account of her age. Meanwhile, Dorothy has a date with a man she had a crush on in high school.</p>"
The Golden Girls,63883,Blind Ambitions,1,"<p>Rose's now-blind sister Lily visits Miami, and struggles to keep taking care of herself despite the loss of her sight, resulting in her almost setting the house on fire. Meanwhile, the girls have a yard sale to pay for a new TV.</p>"
The Golden Girls,63884,Big Daddy,1,"<p>Blanche's father, Curtis \"Big Daddy\" Hollingsworth, arrives for a visit, and delivers some news that upsets Blanche greatly -- he's sold the family plantation to embark on a singing career. Meanwhile, hostile relations between the girls and a neighbor lead Sophia to place a curse on him.</p>"
The Golden Girls,63885,The Way We Met,1,"<p>The girls find themselves too scared to sleep one night after watching the movie <i>Psycho</i>, so they instead stay up and reminisce about the time they all first met.</p>"
The Golden Girls,63886,End of the Curse,2,"<p>Blanche is devastated when her doctor tells her she may be pregnant. On a follow-up visit, she learns this was a false reading, but what it actually turns out to be is, to her, even worse -- she's going through menopause. Meanwhile, Dorothy and Rose begin breeding minks for profit.</p>"
The Golden Girls,63887,Ladies of the Evening,2,"<p>The girls have won tickets to see the premiere of Burt Reynolds' new movie, and meet the man himself at a party after. Their house is fumigated, however, leading them to stay in a hotel -- where they (and everyone else there) are soon arrested for prostitution.</p>"
The Golden Girls,63888,"Take Him, He's Mine",2,"<p>A depressed Stanley shows up again, and Dorothy hands him off to Blanche for the evening. She soon fumes, however, when the two hit it off and start spending more time together. Meanwhile, Rose and Sophia sell sandwiches at the Boardwalk.</p>"
The Golden Girls,63889,It's a Miserable Life,2,"<p>The girls create a petition to save a 200-year-old oak tree, though one notable name is not on the list -- Frieda Claxton, the curmudgeonly neighbor of theirs whose property the tree is on, and who wants to see it torn down.</p>"
The Golden Girls,63890,Isn't It Romantic,2,"<p>Dorothy's friend Jean visits after her lover dies, and begins spending a fair amount of time with Rose. Unbeknownst to the others, however, Jean is a lesbian, and soon starts developing feelings for Rose. Meanwhile, Sophia rents \"dirty movies\" to watch on the girls' new VCR.</p>"
The Golden Girls,63891,Big Daddy's Little Lady,2,"<p>Curtis \"Big Daddy\" Hollingsworth returns for another visit, with more news: he's engaged. Blanche couldn't be happier for her father until she meets his fiancée, who is half his age and even younger than Blanche. Meanwhile, Dorothy and Rose enter a songwriting contest.</p>"
The Golden Girls,63892,Family Affair,2,"<p>Dorothy's son Michael and Rose's daughter Bridget both arrive at the same time for a visit. The two initially are hostile to each other, but they end up clicking to such an extent they're soon discovered in bed together. Meanwhile, Blanche throws her back out in aerobics class.</p>"
The Golden Girls,63893,Vacation,2,"<p>Dorothy, Rose and Blanche head for their dream vacation in the Caribbean -- but soon discover their \"island paradise\" is nothing like what was in the brochure. Meanwhile, Sophia romances the girls' Japanese gardener while they're away.</p>"
The Golden Girls,63894,Joust Between Friends,2,"<p>When Dorothy looks for extra work to do during the summer, Blanche gets her a job at the museum where Blanche works. However, Blanche soon becomes jealous when it seems Dorothy is more proficient at her job than she is. Meanwhile, Rose finds a stray dog while shopping.</p>"
The Golden Girls,63895,"Love, Rose",2,"<p>A dateless Rose puts an ad in the personals column, then feels even more dateless when she doesn't get a response at first. Soon, though, she begins receiving letters from someone named \"Isaac Newton\" -- but Blanche confesses to Dorothy that <i>she's</i> the one who's writing the letters. Meanwhile, a 90-year-old British man takes an interest in Sophia.</p>"
The Golden Girls,63896,'Twas the Nightmare Before Christmas,2,"<p>While attempting to fly to their respective families for Christmas, the girls' plans hit a snag when a depressed man in a Santa suit takes them hostage at the grief counseling center where Rose works.</p>"
The Golden Girls,63897,The Sisters,2,<p>Dorothy's surprise birthday party for Sophia blows up in her face when her birthday present – a special visit by Sophia's sister Angela – reveals past tensions between the sisters.</p>
The Golden Girls,63898,The Stan Who Came to Dinner,2,"<p>As Dorothy gets ready to go on a double date with Blanche and a pair of twins, her ex-husband Stan arrives with the less than happy news that he has to have major surgery – and is looking for friends to take care of him during his recovery period.</p>"
The Golden Girls,63899,The Actor,2,"<p>A well-known actor comes to Miami to star in a local play with Dorothy, Blanche and Rose, and soon begins seeing each one behind the others' backs. Meanwhile, Sophia gets a job at a pirate-themed fast food restaurant.</p>"
The Golden Girls,63900,Before and After,2,"<p>After having a throat spasm, Rose is convinced that she had an out of body experience. As a result, she decides to live life to the fullest -- which also gets in the way of Blanche and Dorothy's lives, but when they confront Rose about it, Rose decides to move out.</p>"
The Golden Girls,63901,And Then There Was One,2,"<p>Sophia decides to enter herself into a charity walkathon, while Rose signs up herself, Dorothy and Blanche to babysit the children of the other participants. Once the walkathon is over, all of the kids are picked up -- except for one baby girl, who the girls fear has been abandoned.</p>"
The Golden Girls,63902,Bedtime Story,2,"<p>After the girls learn more than one of their relatives will be coming to visit, they decide to figure out the sleeping arrangements. As they do, they reminisce about the strangest sleeping situations they've ever had.</p>"
The Golden Girls,63903,"Forgive Me, Father",2,"<p>After some gentle prodding by Blanche and Rose, Dorothy invites a fellow teacher of hers over for dinner. Once he gets there, however, the girls learn one thing about him that Dorothy failed to notice -- he's a priest.</p>"
The Golden Girls,63904,Long Days Journey Into Marinara,2,"<p>Sophia's sister Angela returns for an extended visit, and is soon talked into moving to Miami. Dorothy insists that Angela stay with the girls while she looks for an apartment, which irks Sophia to no end, as she believes that Angela is after everything she has. Meanwhile, Rose looks after a piano-playing chicken.</p>"
The Golden Girls,63905,"Whose Face is This, Anyway?",2,"<p>Blanche attends her high school reunion and is depressed when she sees her classmates have all had facelifts, so she decides to get one herself. Meanwhile, Rose films a video of the girls for a class at the junior college.</p>"
The Golden Girls,63906,Dorothy's Prized Pupil,2,"<p>Dorothy is impressed with a paper written by Mario, a student of hers, and decides to enter it into a contest. Unfortunately, this ends up alerting the INS to Mario's status as an illegal alien, and he now faces deportation. Meanwhile, Rose loses Blanche's earrings, and must act as her personal servant as punishment.</p>"
The Golden Girls,63907,Diamond in the Rough,2,"<p>The girls plan a charity banquet for the hospital, and Blanche soon falls for the caterer, Jake. She backtracks, however, when she sees how \"uncivilized\" his manners and demeanor are compared to hers.</p>"
The Golden Girls,63908,Son-in-Law Dearest,2,"<p>Dorothy's daughter Kate returns with a special announcement, and Dorothy hopes Kate's having a baby -- but it turns out she's splitting from Dennis after she found him cheating on her. Meanwhile, Blanche and Rose watch an all-night <i>I Love Lucy</i> marathon.</p>"
The Golden Girls,63909,To Catch a Neighbor,2,"<p>A pair of undercover cops show up to inform the girls that their new neighbors are dealers in stolen gems, and they must set up a stakeout at the girls' house to catch them in the act. During their stay, Dorothy ends up falling for one of the cops.</p>"
The Golden Girls,63910,A Piece of Cake,2,<p>The girls reminisce about past birthday experiences while preparing a birthday party for a friend.</p>
The Golden Girls,63911,Empty Nests,2,"<p>The girls' neighbor, Renee Corliss, is feeling depressed about all of her children having moved out of the house and her doctor husband George's workaholic tendencies in this backdoor pilot for what would become the sitcom <i>Empty Nest</i>.</p>"
The Golden Girls,63912,Old Friends,3,"<p>Sophia makes friends with an old man at the Boardwalk, but she soon starts to question his increasingly odd behavior. Meanwhile, Blanche accidentally gives Rose's teddy bear to a member of her Sunshine Cadet troop, who refuses to give it back.</p>"
The Golden Girls,63913,One for the Money,3,<p>Sophia's latest get-rich-quick scheme leads the ladies to recall other past moneymaking ventures.</p>
The Golden Girls,63914,Bringing Up Baby,3,"<p>Rose gets a letter saying her Uncle Hingablotter has died and left her in possession of his \"baby.\" The girls are excited at the prospect of becoming mothers again -- until they see \"Baby,\" who's actually the uncle's prized pig. Meanwhile, Sophia loses her glasses at the mall.</p>"
The Golden Girls,63915,The Housekeeper,3,"<p>The girls hire a housekeeper, Marguerite, who ends up not doing very much housekeeping. As a result, they soon fire her, but once she leaves strange and terrible things begin to happen to the girls, who begin to suspect Marguerite has placed a curse on them.</p>"
The Golden Girls,63916,Nothing to Fear But Fear Itself,3,"<p>Rose's great aunt dies, meaning she has to fly to the Bahamas for her funeral so she can give the eulogy, something she is terrified to do. She asks Dorothy and Blanche to come with her, and as a result, they must face their own fears as well. Meanwhile, Sophia enters a cooking competition.</p>"
The Golden Girls,63917,Letter to Gorbachev,3,"<p>After Rose witnesses the members of her cadet troop talking about nuclear war, she writes letters to President Ronald Reagan and Soviet leader Mikhail Gorbachev urging them to disarm their weapons, and Gorbachev is so touched by Rose's letter he wants to meet her in person. Meanwhile, Sophia plans an act for a talent show.</p>"
The Golden Girls,63918,Strange Bedfellows,3,"<p>A political candidate is accused of having an affair with Blanche, and admits on live television that the accusation is true. The trouble is, it isn't, or at least not according to Blanche, though her roommates don't believe her.</p>"
The Golden Girls,63919,Brotherly Love,3,"<p>Stan's brother Ted is in town, and Blanche latches herself onto him. After their date, however, he is scared off by Blanche's aggressively sexual nature, and finds solace instead in Dorothy, causing a rift between the two of them. Meanwhile, Rose deals with a severe case of insomnia.</p>"
The Golden Girls,63920,A Visit from Little Sven,3,"<p>Rose's cousin Sven visits from Sweden, paying Rose a visit on his way to St. Olaf to meet his bride-to-be, having been set up in an arranged marriage. While he visits, however, a series of events leads him to fall instead for Blanche.</p>"
The Golden Girls,63921,The Audit,3,"<p>Stan returns yet again, this time with upsetting news for Dorothy: the two of them are being audited by the IRS. Thanks to Stan's careless spending while they were married, the two may end up having to face jail time. Meanwhile, Rose takes a Spanish class in night school, and Blanche soon joins her.</p>"
The Golden Girls,63922,Three on a Couch,3,"<p>With the bickering between them having reached an all-time high, the ladies decide to see a psychiatrist together.</p>"
The Golden Girls,63923,Charlie's Buddy,3,"<p>A man visits claiming to have served in the Army with Rose's late husband Charlie, and he and Rose end up falling for one another. Dorothy, however, doesn't believe him.</p>"
The Golden Girls,63924,The Artist,3,"<p>Tensions grow between Dorothy, Rose and Blanche when they reveal they've all been posing nude for an attractive Hungarian sculptor named Lazlo, who has been unclear on exactly whose sketches he plans to use for his latest sculpture. Meanwhile, Sophia practices pulling pranks on Dorothy to get back at a practical joker at the senior center.</p>"
The Golden Girls,63925,Blanche's Little Girl,3,"<p>Blanche is in for a surprise when her daughter Becky visits -- Becky, a former model, is now significantly overweight. To make matters worse, her boyfriend insults her and makes jokes about her weight at every opportunity. Meanwhile, Sophia orders a strike against her employer at the fast food restaurant where she works.</p>"
The Golden Girls,63926,Dorothy's New Friend,3,"<p>Dorothy becomes friends with author Barbara Thorndyke, who doesn't take nearly as kindly to Dorothy's roommates, putting a strain on their friendship.</p>"
The Golden Girls,63927,Grab That Dough,3,"<p>The girls get tickets to appear on a game show called <i>Grab That Dough!</i>, but upon their arrival in California they lose all their luggage and have to sleep in the hotel lobby. To further complicate things, Blanche insults Rose and Sophia to the point where they break off and team up against her and Dorothy.</p>"
The Golden Girls,63928,"My Brother, My Father",3,"<p>Sophia's brother, Dorothy's Uncle Angelo, is coming by for a visit, and since Angelo's a Catholic priest, Sophia asks of Dorothy a small favor: pretend that she and Stanley are still married and never divorced. Meanwhile, Rose and Blanche prepare to star in a local production of <i>The Sound of Music</i>.</p>"
The Golden Girls,63929,Golden Moments (1),3,"<p>The series' first clip show sees Sophia preparing to move out to live with Dorothy's brother Phil and his family. Dorothy, Rose and Blanche are so stunned by the news they remember the times they have all had together.</p>"
The Golden Girls,63930,Golden Moments (2),3,<p>The clip show concludes with the three ladies remembering old times while trying to figure out how to stop Sophia from moving out.</p>
The Golden Girls,63931,And Ma Makes Three,3,"<p>Dorothy takes a lonely Sophia on a date with her and her latest boyfriend, and Sophia enjoys herself to such an extent she starts coming along on all of their dates, much to their chagrin.</p>"
The Golden Girls,63932,Larceny and Old Lace,3,"<p>Sophia's latest boyfriend, Rocco, claims to have been a member of the mafia. When a bag of his is discovered with thousands of dollars, the girls fear he may have robbed a bank. Meanwhile, Blanche and Dorothy secretly read Rose's diary, and discover what they perceive to be insulting things written about them.</p>"
The Golden Girls,63933,Rose's Big Adventure,3,"<p>Rose's latest boyfriend retires, and the lifestyle he wants to lead turns out to be a lot less exciting than Rose had in mind. Meanwhile, Sophia hires an old friend to remodel the girls' garage into a guest room.</p>"
The Golden Girls,63934,Mixed Blessing,3,"<p>Dorothy's son Michael returns with the announcement that he's going to marry Lorraine, an African-American woman twice his age. Dorothy objects to the age difference, while Lorraine's visiting family objects because Michael is white.</p>"
The Golden Girls,63935,Mister Terrific,3,"<p>Rose's latest boyfriend is a superhero -- or at least plays one, named \"Mr. Terrific\", on TV. He manages to help Dorothy land a job on his show, and the producers like her recommendations so much they decide to keep her -- and fire Mr. Terrific.</p>"
The Golden Girls,63936,Mother's Day,3,"<p>As the girls prepare to go to a Mother's Day banquet, they reminisce about Mother's Days past.</p>"
The Golden Girls,63937,"Yes, We Have No Havanas",4,"<p>Blanche has been seeing less and less of her latest boyfriend, Fidel Santiago, and begins to suspect him of seeing another woman. She doesn't know what to think, however, when she finds out the identity of that other woman -- Sophia. Meanwhile, Dorothy teaches a night school history class and discovers Rose is one of her students.</p>"
The Golden Girls,63938,The Days and Nights of Sophia Petrillo,4,"<p>Sophia's roommates, bored with themselves, are unaware of her active daytime life.</p>"
The Golden Girls,63939,The One That Got Away,4,"<p>Ham Lushbough, the one man Blanche has never been able to get into bed with her, is visiting Miami and wants to see her, and Blanche is thrilled at the opportunity -- until she sees the older, balder, heavier Ham. Meanwhile, Rose and Dorothy see a strange object in the night sky, and Rose is convinced it was a UFO.</p>"
The Golden Girls,63940,Yokel Hero,4,"<p>When Rose competes for St. Olaf's Woman of the Year honors, Dorothy and Blanche decide to \"punch up\" her list of accomplishments in order to ensure her victory.</p>"
The Golden Girls,63941,"Bang the Drum, Stanley",4,"<p>When a fly ball hits Sophia in the head at a game, Stan convinces her to fake serious injuries so they can sue the stadium to make easy money. Meanwhile, Blanche and Rose prepare to star in a local production of the musical <i>Cats</i>.</p>"
The Golden Girls,63942,Sophia's Wedding (1),4,"<p>When Sophia's friend Esther Weinstock dies, she goes to her funeral in Brooklyn. There, she confronts Esther's widower, Max, whom Sophia blames for the failure of her husband's old business.</p>"
The Golden Girls,63943,Sophia's Wedding (2),4,"<p>Newlyweds Max and Sophia open a pizza knish stand on the beach, while Dorothy has gotten into the habit of smoking cigarettes.</p>"
The Golden Girls,63944,"Brother, Can You Spare That Jacket?",4,"<p>Blanche's tattered jacket, containing a winning lottery ticket, is given to charity.</p>"
The Golden Girls,63945,Scared Straight,4,"<p>Sick of having Blanche set him up on dates with women, her brother Clayton confesses to Rose that he is secretly gay. When he tries to tell Blanche, however, he becomes so nervous he instead claims to have slept with Rose. Meanwhile, after having a dream involving her late husband, Sophia becomes convinced that she'll die soon.</p>"
The Golden Girls,63946,Stan Takes a Wife,4,"<p>When Sophia is hospitalized with pneumonia, Stan comforts Dorothy. At the hospital, she sees a side of him that impresses her, and she tries to prevent him from getting married again to another woman.</p>"
The Golden Girls,63947,The Auction,4,"<p>The girls need a new roof, so they scheme to buy and then sell a painting by Jasper DeKimmel, an arrogant painter who has a few days to live.</p>"
The Golden Girls,63948,Blind Date,4,<p>Blanche has reservations about dating a blind man (Ed Winter) since he cannot see her physical attributes.</p>
The Golden Girls,63949,The Impotence of Being Ernest,4,<p>Rose feels inadequate when her new boyfriend experiences impotency.</p>
The Golden Girls,63950,Love Me Tender,4,"<p>Dorothy dates a short, bald man with whom she has nothing in common - except for great lovemaking. Meanwhile, Rose and Blanche volunteer as big sisters for two teenage girls.</p>"
The Golden Girls,63951,Valentine's Day,4,"<p>After being dumped on Valentine's Day by their dates, Blanche, Dorothy, and Rose reminisce about past Valentine's Day experiences that didn't turn out as planned. Meanwhile, Sophia has a special date with Latin singer Julio Iglesias.</p>"
The Golden Girls,63952,Two Rode Together,4,"<p>Following the death of one of Sophia's remaining friends, Dorothy looks for a way to spend some quality bonding time with her mother. At Sophia's request, they go to Disneyworld, only their fun weekend didn't turn out as Sophia's request since it rained the entire time they were at the park. Meanwhile back at home, Rose and Blanche try their hand at writing their own children's book.</p>"
The Golden Girls,63953,You Gotta Have Hope,4,"<p>Blanche, Dorothy, and Rose get in hot water when Rose announces that Bob Hope is her biological father and will gladly volunteer as the Master of Ceremony at an upcoming benefit they're chairing.</p>"
The Golden Girls,63954,Fiddler on the Ropes,4,"<p>Dorothy, Rose, and Blanche are furious with Sophia when she uses their money to buy the contract of a prize fighter. They have a good chance at getting their money back if \"Kid\" Pepe wins the fight, but it comes at the possibility of Pepe quitting before the fight so he can audition for Julliard.</p>"
The Golden Girls,63955,Till Death Do We Volley,4,"<p>Dorothy's high school class is meeting at the house for their class reunion. When she meets up with her best friend before the party, they decide to have a somewhat friendly game of tennis. However, when her friend dies unexpectedly while on the court, Dorothy blames herself, until she begins to suspect that it might be a prank like they used to pull on one another while still in school.</p>"
The Golden Girls,63956,High Anxiety,4,<p>Dorothy and Blanche try to help Rose overcome a 30-year dependency on prescription medication.</p>
The Golden Girls,63957,Little Sister,4,"<p>Rose's younger sister Holly drops by and begins spending time with Dorothy and Blanche, leading Rose to feel as though Holly is deliberately leaving her out of their excursions. Meanwhile, Sophia watches Dreyfuss, the neighbor's dog, who soon runs away.</p>"
The Golden Girls,63958,Sophia's Choice,4,"<p>Sophia breaks her friend Lillian out of a retirement home that is worse than Shady Pines was. Meanwhile, Blanche decides to use her work bonus to have her breasts enlarged.</p>"
The Golden Girls,63959,Rites of Spring,4,"<p>As the girls vow to get in shape for an upcoming beach party, they recall past attempts at self-improvement.</p>"
The Golden Girls,63960,Foreign Exchange,4,"<p>When a couple from Sicily, who were old friends of Sophia arrives for in Miami for a visit, they drop a bombshell on Sophia and Dorothy: the day when Dorothy and their daughter Gina were born, the babies might have been switched at birth.</p>"
The Golden Girls,63961,We're Outta Here (1),4,"<p>Upon arriving home one afternoon, Blanche, Dorothy, and Rose are shocked to find Sophia showing the house to a wealthy Japanese businessman. When he makes an offer to buy the place, it causes the girls to reminisce about all the good and bad times they had in it.</p>"
The Golden Girls,63962,We're Outta Here (2),4,"<p>When Blanche makes her decision whether to accept Mr. Yakamora's offer to buy her house, she receives a surprising call that puts their agreement on hold.</p>"
The Golden Girls,63963,Sick and Tired (1),5,"<p>A mystery illness that Dorothy has been suffering from for some time appears to be getting worse, but when she consults several doctors, they all claim there's nothing wrong with her. Meanwhile, Blanche decides to become a romance novelist.</p>"
The Golden Girls,63964,Sick and Tired (2),5,"<p>The girls' neighbor, Dr. Harry Weston, recommends Dorothy to a specialist who may be able to diagnose her mystery illness. Meanwhile, Blanche goes on a 72-hour writing binge.</p>"
The Golden Girls,63965,The Accurate Conception,5,"<p>Blanche'e visiting daughter Rebecca announces her intention of having a baby by way of artificial insemination, and Blanche announces her intention of wanting absolutely nothing to do with any of it. Meanwhile, Dorothy tries to convince a reluctant Sophia to get a check-up.</p>"
The Golden Girls,63966,Rose Fights Back,5,"<p>After finding out that she'll be losing her income from Charlie's pension, Rose begins searching for a job -- but after being turned down because of her age, she decides to turn to local consumer reporter Enrique Mas for help. Meanwhile, Sophia goes wild buying various items in bulk at a shopper's warehouse.</p>"
The Golden Girls,63967,Love Under the Big Top,5,"<p>Dorothy doesn't know what to think when her attorney boyfriend decides to give up his practice to become a full-time circus clown. Meanwhile, Blanche and Rose take part in a \"Save the Whales\" protest.</p>"
The Golden Girls,63968,Dancing in the Dark,5,"<p>Rose begins dating her dancing partner, college professor Miles Webber, but when he invites her to mingle among his colleagues at a party she begins to feel stupid and unworthy of his affections. Meanwhile, Blanche is in a dating slump.</p>"
The Golden Girls,63969,Not Another Monday,5,"<p>After attending the funeral of a mutual friend, Sophia's friend Martha announces her intentions of committing suicide -- and wants Sophia to be there with her when she does. Meanwhile, the other girls babysit for a neighbor.</p>"
The Golden Girls,63970,That Old Feeling,5,"<p>When Blanche's mother-in-law dies, the brother of her late husband George comes by for a visit, and he reminds Blanche of George to such an extent that she begins falling for him. Meanwhile, Sophia is caught sneaking out and driving the others' cars behind their backs.</p>"
The Golden Girls,63971,Comedy of Errors,5,"<p>After learning that a classmate passed away, Dorothy decides to set out and fulfil her dream of becoming a stand-up comic – only to discover life on the stage isn't all it's cracked up to be.</p>"
The Golden Girls,63972,All That Jazz,5,"<p>After getting kicked out of the house by his wife, Dorothy and her roommates get an unexpected houseguest in the form of her son Michael. Fearing that he's headed nowhere in life, Dorothy asks for her ex-husband Stan's help in getting Michael to grow up and act like an adult. Meanwhile, Rose has a hard time telling her boss that she's feeling overworked.</p>"
The Golden Girls,63973,Ebb Tide,5,<p>Blanche renews hostilities with her sister (Sheree North) when she travels home to attend her father's funeral.</p>
The Golden Girls,63974,Have Yourself a Very Little Christmas,5,<p>The ladies volunteer to serve Christmas dinner at a soup kitchen.</p>
The Golden Girls,63975,Mary Has a Little Lamb,5,"<p>The girls try to reconcile a pregnant teenage girl and her father. Meanwhile, Blanche starts to regret having written sympathetic \"love\" letters to a man in jail.</p>"
The Golden Girls,63976,Great Expectations,5,<p>Blanche cannot bring herself to enter the hospital following her boyfriend's (Robert Mandan) heart attack.</p>
The Golden Girls,63977,Triple Play,5,<p>Rose prepares herself for a visit from her boyfriend's daughter; Blanche schemes to meet wealthy men.</p>
The Golden Girls,63978,Clinton Avenue Memoirs,5,"<p>Depressed that she's losing her memory, Sophia decides to revisit her and Dorothy's old apartment in Brooklyn. Meanwhile, Rose enlists Blanche's aid in conducting a consumer survey.</p>"
The Golden Girls,63979,Like the Beep Beep Beep of the Tom-Tom,5,"<p>Blanche stuns her roommates, and eligible male population of Miami when she swears off sex after her doctor recommends she get a pacemaker.</p>"
The Golden Girls,63980,An Illegitimate Concern,5,"<p>Sophia talks Dorothy into participating in a mother-daughter pageant at Shady Pines. As they bicker over what they plan on doing for the talent competition, Blanche is in for a surprise when a young man arrives on her doorstep, announcing that her late husband is his father.</p>"
The Golden Girls,63981,72 Hours,5,"<p>Not long after getting a blood transfusion at a nearby hospital, Rose is in for a scare when the hospital sends her a letter to inform her that it may have contained HIV infected blood.</p>"
The Golden Girls,63982,Twice in a Lifetime,5,"<p>Rose's old boyfriend from high school arrives in town and asks her to join him when his band goes on tour in Europe. As a result, her relationship with Miles is cast into doubt.</p>"
The Golden Girls,63983,Sisters and Other Strangers,5,"<p>Blanche's sister Charmaine is visiting Miami, promoting the new romance novel she wrote. Upon reading it, Blanche is furious, thinking her sister stole the story of her life, and threatens to kick her out of the family. Meanwhile, Stan's cousin came to visit, and causes a disagreement about the pros and cons of communism with Dorothy.</p>"
The Golden Girls,63984,Cheaters,5,<p>Dorothy sees an old flame (Jerry Orbach); Blanche and Sophia fall prey to con artists.</p>
The Golden Girls,63985,The Mangiacavallo Curse Makes a Lousy Wedding Present,5,<p>Blanche supplies a date for wedding-bound Dorothy; Sophia puts a curse on the newlyweds.</p>
The Golden Girls,63986,All Bets Are Off,5,"<p>Dorothy's gambling problem re-surfaces after a visit to the race track and quickly begins falling in to debt and gaining an apathy to her job. Meanwhile, Rose takes up painting and Blanche is insulted after a man she works with rejects her advances.</p>"
The Golden Girls,63987,The President's Coming! The President's Coming! (1),5,<p>The women reminisce about their experiences prior to a visit to their home by the president.</p>
The Golden Girls,63988,The President's Coming! The President's Coming! (2),5,<p>The women continue to share their memories as the president's arrival time approaches.</p>
The Golden Girls,63989,Blanche Delivers,6,"<p>Blanche's pregnant daughter, Rebecca, pales at the thought of childbirth.</p>"
The Golden Girls,63990,"Once, in St. Olaf",6,"<p>Sophia gets a hernia after hanging out with some friends and has to have it surgically repaired. After she has the procedure done at the hospital where Rose volunteers at, she soon gets misplaced by hospital staff. Meanwhile, Rose has the opportunity to meet her biological father – who happens to be a monk – when he arrives at the hospital to have his knee repaired.</p>"
The Golden Girls,63991,If at Last You Do Succeed,6,"<p>Stanley comes up with an innovated way of eating a popular food and wants to expand his business overseas. When he has an important dinner meeting with some Japanese investors, he turns to Dorothy for help wine and dine the investors. However, when he tries to convince her to give their relationship another chance, Dorothy sees Stanley in a new light when he finally starts to stand up for himself when she turns him down.</p>"
The Golden Girls,63992,Snap Out of It,6,"<p>Sophia gets Dorothy to help her make deliveries for meals on wheels at a nearby apartment building. When Sophia is talking to one of residents, Dorothy discovers that one of the people on the route is an aging hippie scared to leave his apartment. As a result, Dorothy takes it upon herself to try to and re-introduce him to society slowly, only things don't go as planned. At home. Rose wants to throw Blanche a surprise birthday party.</p>"
The Golden Girls,63993,"Wham, Bam, Thank You, Mammy",6,"<p>Blanche gets an unexpected visit from her childhood \"mammy\" (nanny) but Blanche is reluctant to even speak to her since she deserted her when she was a child. Meanwhile, Sophia hires a matchmaker for Dorothy who experiences a date with a convict.</p>"
The Golden Girls,63994,Feelings,6,"<p>Dorothy is working as a long-term sub at a local high school. When Sophia discovers that she is starting to be harassed into giving the football star a passing grade in English, Sophia joins a long line of football supporters in pressuring Dorothy into giving the student a passing grade. Elsewhere, Rose is hesitant into turning in her dentist after he sexually harasses her.</p>"
The Golden Girls,63995,Zborn Again,6,<p>Dorothy resists Stan's attempts at reconciliation after he finally hits it big; Rose asks Sophia for help with dealing with an annoying co-worker.</p>
The Golden Girls,63996,How Do You Solve a Problem Like Sophia?,6,"<p>After a good friend of Sophia's passes away, Sophia decides to follow in her footsteps -- and become a nun. Meanwhile, Blanche gets in an accident while borrowing Rose's car.</p>"
The Golden Girls,63997,Mrs. George Devereaux,6,"<p>Strange happenings: Blanche is shocked when she finds out her late husband George has seemingly returned from the grave; meanwhile, both Lyle Waggoner and Sonny Bono vie for Dorothy's affections.</p>"
The Golden Girls,63998,Girls Just Wanna Have Fun... Before They Die,6,"<p>Both Sophia and Rose take advice from Blanche that lands each of them in hot water. Due to a drought in St. Olaf, Rose swears to be celibate and Blanche advises her not to tell Miles the truth. While Sophia takes Blanche's tips to lure a man to bed but when she tells him she loves him, he doesn't respond with what she hoped.</p>"
The Golden Girls,63999,Stand by Your Man,6,"<p>Blanche meets a man at the library and only after they make a date does she realizes he's in a wheelchair. Meanwhile, Rose wants to keep one of the puppies from Dreyfuss' litter despite Blanche's feelings.</p>"
The Golden Girls,64000,Ebbtide's Revenge,6,"<p>Dorothy must give the eulogy at her brother (a cross dresser), Phil's funeral. Meanwhile, a feud between Sophia and Phil's widow reaches a peak leading Sophia to reveal her hidden feelings about her son's alternative lifestyle.</p>"
The Golden Girls,64001,The Bloom is Off the Rose,6,<p>Miles feels he is competing with Rose's late husband; Blanche is mistreated by an old flame.</p>
The Golden Girls,64002,Sisters of the Bride,6,<p>Blanche has some soul-searching to do when her brother announces he is to be a bride.</p>
The Golden Girls,64003,Miles to Go,6,"<p>After hearing that a mobster has died, Miles reveals that he has been in a witness protection program. However, when it is revealed that the mobster faked his death, Miles must leave Miami and go into hiding.</p>"
The Golden Girls,64004,There Goes the Bride (1),6,"<p>Dorothy has been sneaking around so that Sophia doesn't discover that she's been dating Stan. However, when Stan proposes, Dorothy must reveal the truth to Sophia.</p>"
The Golden Girls,64005,There Goes the Bride (2),6,"<p>Totally against Dorothy and Stan's impending nuptials, Sophia vows to not let the ceremony go off. Meanwhile, Blanche begins interviewing for a new roommate since Dorothy is planning to move out.</p>"
The Golden Girls,64006,Older and Wiser,6,"<p>Wanting someone to watch after Sophia during the day, Dorothy gets Sophia a job under false pretenses. Meanwhile, Blanche and Rose are all excited about being hired as models for a Penny Saver.</p>"
The Golden Girls,64007,Melodrama,6,"<p>Blanche wants to intensify her relationship with her infamous one night stand man, Mel Bushman. Meanwhile, Rose tries her hand at TV reporting, her assignment, a dog show.</p>"
The Golden Girls,64008,Even Grandmas Get the Blues,6,"<p>While babysitting for her granddaughter, a man mistakes Blanche as being the baby's mother and Blanche does nothing to set him straight. Meanwhile, Sophia gets ready for the Festival of the Dancing Virgins, a celebration of mothers and daughters but Dorothy wants no part of it.</p>"
The Golden Girls,64009,Witness,6,"<p>Rose has a new man, Carl, in her life but suddenly out of the blue Miles returns, still undercover in the Witness Protection Program. However, things get hairy when Carl reveals himself to be the mobster that is after Miles. Meanwhile, Sophia loses her glasses.</p>"
The Golden Girls,64010,What a Difference a Date Makes,6,"<p>The man who stood Dorothy up for her senior prom contacts her and they make a date. After learning why he stood her up, Dorothy unleashes her wrath on the person at fault, Sophia.</p>"
The Golden Girls,64011,Love for Sale,6,"<p>The girls prepare for the Children's Hospital Bachelorette Auction and a reluctant Dorothy decides to participate. She is in for a quick surprise when Stan walks in and begins bidding. Meanwhile, Sophia's brother, Angelo, comes to Miami, broke and with no place to live.</p>"
The Golden Girls,64012,Never Yell Fire in a Crowded Retirement Home (1),6,<p>Sophia becomes the prime suspect in the investigation surrounding a fire at Shady Pines retirement home.</p>
The Golden Girls,64013,Never Yell Fire in a Crowded Retirement Home (2),6,<p>Sophia cannot recall the events that lead to the Shady Pines fire.</p>
The Golden Girls,64014,"Henny Penny -- Straight, No Chaser",6,"<p>Dorothy is in charge of directing a school play, Henny Penny, but when the cast is quarantined, she gets Rose, Blanche and herself to perform as the leads. But when Rose reads the ending, she wants no part in the play.</p>"
The Golden Girls,64015,"Hey, Look Me Over",7,"<p>Rose discovers an old camera of Charlie's with some undeveloped film still in it. After getting it developed, Rose is stunned when one of the pictures shows Charlie in bed with Blanche. Meanwhile, Dorothy tries to get Sophia to have her hearing checked.</p>"
The Golden Girls,64016,The Case of the Libertine Belle,7,"<p>The girls participate in a murder mystery weekend and Dorothy has a ball when she solves a mystery. However, when Blanche is accused committing a real murder, Dorothy will have to use all her keen detective skills to find the real murderer.</p>"
The Golden Girls,64017,Beauty and the Beast,7,"<p>Blanche is visited by her granddaughter, Melissa, and the only thing that Blanche has on her mind is Melissa winning a Little Miss Beauty Contest. Meanwhile, Dorothy hires a nurse to look after a recuperating Sophia.</p>"
The Golden Girls,64018,That's for Me to Know,7,"<p>Blanche learns from a city inspector that she either has to lose a renter or make modifications to her home which would cost $10,000. Meanwhile, Dorothy demands to know who the groom is in a hidden wedding picture of Sophia's.</p>"
The Golden Girls,64019,Where's Charlie?,7,"<p>After Miles gives Rose a friendship ring, Rose becomes convinced Charlie is trying to contact her from the grave with the message that he disproves of her relationship with Miles. Meanwhile, Blanche begins coaching her new baseball player boyfriend.</p>"
The Golden Girls,64020,Mother Load,7,"<p>Blanche begins dating a newscaster who has another woman interfering in his life, his mother. Meanwhile, Stan asks Dorothy to attend a counseling session with him. Once there, Stan begins begging Dorothy to take him back.</p>"
The Golden Girls,64021,Dateline: Miami,7,"<p>A Saturday night and Dorothy being the only one with a date, prompts the other girls to reminisce about some of the worst dates they have ever had.</p>"
The Golden Girls,64022,The Monkey Show (1),7,"<p>A hurricane is brewing and it's not just outside after Dorothy gets a visit first from Stan with news that he's over her and moving on with his life. Dorothy quickly discovers who he's moving on with, her sister, Gloria. Meanwhile, Blanche and Rose hold a telethon to save a lighthouse.</p>"
The Golden Girls,64023,The Monkey Show (2),7,<p>Dorothy discovering Gloria sleeping with Stan just adds to their sibling rivalry and Sophia has had it so she leaves just prior the the hurricane hitting.</p>
The Golden Girls,64024,Ro$e Love$ Mile$,7,"<p>Rose has had it with Miles' penny pinching ways and decides to take Blanche's advice and go out with her and some big spenders. Meanwhile, Blanche has been left in charge of Sophia while Dorothy is away, and Sophia decides this would be the best time to take a trip to Sicily.</p>"
The Golden Girls,64025,Room 7,7,"<p>Sophia has an after-life experience, seeing her late husband in heaven, while choking on a piece of candy. Meanwhile, Blanche is distraught over the demolition of her grandmother's plantation, so the girls travel to Atlanta. Once there, Blanche handcuffs herself to the radiator.</p>"
The Golden Girls,64026,From Here to the Pharmacy,7,"<p>A man Blanche has no memory of returns from the Persian Gulf in hopes of fulfilling the promise she supposedly made to him before he left, that she will be his and only his. Meanwhile, Sophia has Rose help her write up her will.</p>"
The Golden Girls,64027,The Pope's Ring,7,"<p>The Pope's in town and Sophia goes to his mass. When she goes to kiss his ring, it slips off into hers. Meanwhile, Rose is convinced Miles is hiding something from her, so as a birthday gift, Blanche gives Rose a detective to spy on Miles.</p>"
The Golden Girls,64028,Old Boyfriends,7,"<p>Sophia's attempts at trying to find a man go awry when a man she meets through the personals, as a shadow, his sister. Meanwhile, Rose meets with an old boyfriend from St. Olaf, one whom she can't remember.</p>"
The Golden Girls,64029,"Goodbye, Mr. Gordon",7,"<p>Dorothy is contacted by a high school teacher she once had a crush on. They quickly begin seeing each other and Dorothy is convinced his feelings are genuine. Meanwhile, Rose puts together a talk show.</p>"
The Golden Girls,64030,The Commitments,7,"<p>Dorothy gets wrapped up in \"Beatlemania\" and begins dating a Beatle impersonator. Meanwhile, Blanche begins to worry about her looks after she pulls out all the stops to get a certain man into bed, but to no avail.</p>"
The Golden Girls,64031,Questions and Answers,7,<p>Dorothy is all excited when she learns the 'Jeopardy' is having tryouts in Miami. This leads her to begin cramming for the audition test and later proves to be an annoyance to everyone at the audition.</p>
The Golden Girls,64032,Ebbtide VI: The Wrath of Stan,7,<p>Dorothy and Stan are accused of being slumlords by the tenants of the apartment building they jointly own.</p>
The Golden Girls,64033,Journey to the Center of Attention,7,"<p>Blanche brings a lonely, Dorothy down to the Rusty Anchor for a night of excitement. However, Blanche, had no intention of being pushed off her thrown by Dorothy, who begins singing and instantly becomes the center of attention.</p>"
The Golden Girls,64034,A Midwinter Night's Dream (1),7,"<p>A full moon on Leap Year, prompts Blanche to throw a Moonlight Madness Party. However, her plans of being ogled by men go drastically awry when Dorothy gets all of the attention. Meanwhile, Rose contemplates marrying Miles after winning a free honeymoon to Paris.</p>"
The Golden Girls,64035,A Midwinter Night's Dream (2),7,<p>Blanche throws a men-only moonlight madness party; Sophia tries to reverse a witch's hex on Dorothy.</p>
The Golden Girls,64036,Rose: Portrait of a Woman,7,<p>Sophia becomes a doting mother when Dorothy accepts a lucrative corporate teaching job.</p>
The Golden Girls,64037,"Home Again, Rose (1)",7,"<p>Blanche, Dorothy and Sophia cheer up a hospitalized Rose after she becomes ill at a crashed class reunion.</p>"
The Golden Girls,64038,"Home Again, Rose (2)",7,"<p>Before waking from surgery, Rose dreams that she, Blanche and Dorothy are 100 years in the future.</p>"
The Golden Girls,64039,One Flew Out of the Cuckoo's Nest (1),7,<p>Blanche pawns her visiting uncle off on Dorothy and it leads to sparks.</p>
The Golden Girls,64040,One Flew Out of the Cuckoo's Nest (2),7,<p>Dorothy and Lucas' plot to get even with Blanche leads to a surprise wedding.</p>
Breaking Bad,12192,Pilot,1,"<p>A high-school chemistry teacher (Bryan Cranston) is diagnosed with a deadly cancer, so he puts his expertise to use and teams with an ex-student (Aaron Paul) to manufacture top-grade crystal meth in hopes of providing for his family after he's gone.</p>"
Breaking Bad,12193,Cat's in the Bag...,1,"<p>After the accident in the desert, Walter and Jesse need to dispose of the unfortunate mess in their rolling lab of an RV, and Skyler begins to suspect that Walter and Jesse are involved in some mysterious goings-on.</p>"
Breaking Bad,12194,...and the Bag's in the River,1,"<p>Walter and Jesse fight about the latter's drug use, so he leaves, forcing Walter to deal with their captive, Krazy-8 (Max Arciniega); Hank uses scared-straight tactics with Walter Jr. when his aunt suspects he's smoking pot; Skyler is furious when Walter stays away from home.</p>"
Breaking Bad,12195,Cancer Man,1,<p>Walter announces to the family that he has cancer; the DEA believes there is a new big-time player in the Albuquerque drug business; a depressed Walter takes his anger out on a worthy recipient; Jesse pays a surprise visit to his parents' house.</p>
Breaking Bad,12196,Gray Matter,1,"<p>At a birthday party for a successful former science colleague, Walter is offered a job; Jesse tries gaining legitimate employment but winds up back cooking meth, and an inferior kind at that; Skyler assembles the family for an intervention to get Walter to agree to chemotherapy, but he's concerned about quality-of-life issues and their financial difficulties.</p>"
Breaking Bad,12197,Crazy Handful of Nothin',1,"<p>Walter, in the throes of his chemotherapy treatment and needing money more than ever, agrees to cook more crystal meth with Jesse; Skinny Pete hooks Jesse up with an important new contact, while the DEA intensifies its investigation of Albuquerque's new drug kingpin.</p>"
Breaking Bad,12198,A No-Rough-Stuff-Type Deal,1,"<p>Walter and Jesse do business with a new partner-in-crime, but immediately run into \"production problems,\" which necessitates a nearly impossible mission to knock off a chemical-supply house. Meanwhile, Marie throws a baby shower for Skyler and presents her with an unusual gift that shows a different side of the aunt-to-be.</p>"
Breaking Bad,12199,Seven Thirty-Seven,2,"<p>Season 2 kicks off with Walt and Jesse once again bearing witness to Tuco's incendiary disposition, which leads them to the conclusion that it's time to put an end to their business dealings with him. But the question is how. Meanwhile, Hank serves as a go-between for estranged sisters Skyler and Marie.</p>"
Breaking Bad,12200,Grilled,2,"<p><br></p><p>Trying to dissociate themselves from the volatile Tuco takes a bad turn when Walt and Jesse get trapped with the dealer, and Skyler, worried about her missing husband, receives comfort from her sister and brother-in-law. Hank, meanwhile, pays a business call on Jesse's mother.</p>"
Breaking Bad,12201,Bit by a Dead Bee,2,"<p>Walt and Jesse attempt to cover their tracks and distance themselves from Tuco, but they soon find that business is taking a hit along with their financial situation. Meanwhile, Hank and his DEA investigation into the meth ring get a major break that just might put Walt and Jesse in their crosshairs.</p>"
Breaking Bad,12202,Down,2,"<p>Despite Walt's attempt to reconnect with the family, a suspicious Skyler keeps him at arm's length and worries about what he's been up to while he's been away from the house; Jesse finds himself on the streets once again and struggles to improve his lot in life.</p>"
Breaking Bad,12203,Breakage,2,<p>Hank deals with some lingering aftereffects from his confrontation with Tuco; bills are piling up at the White house and tensions are beginning to run high; Jesse organizes a crew of dealers to take their product to the streets.</p>
Breaking Bad,12204,Peekaboo,2,"<p>Walt returns to teaching at the high school; when Skinny Pete gets taken advantage of and ripped off, Jesse steps in, but bites off more than he can chew; Skyler takes the opportunity to show her appreciation for Gretchen's kindness in picking up the tab for Walt's treatments.</p>"
Breaking Bad,12205,Negro Y Azul,2,<p>Walt and Jesse contemplate an expansion of their business; Hank experiences a hassle in El Paso as he tries to adapt to his new coworkers; Skyler's new job opportunity leads to her reconnecting with an ex-colleague; and Jesse interacts with his new landlady.</p>
Breaking Bad,12206,Better Call Saul,2,"<p>Badger's brush with the law leads Walt and Jesse to call in a shady lawyer; the DEA believes it has a line on the mysterious and elusive \"Heisenberg\"; Hank's stint in El Paso is up and he returns to Albuquerque, but his mental makeup causes concern for Marie.</p>"
Breaking Bad,12207,4 Days Out,2,"<p>After undergoing a PET-CAT scan and fearing the worst, Walt takes lawyer Saul's advice and hunkers down for a marathon session of cooking product; Jesse's romance with his landlady is heating up, but must cool off quickly when he and Walt head for the desert to take care of business.</p>"
Breaking Bad,12208,Over,2,"<p>The Whites throw a party to thank family and friends for their support through Walt's trying time, but it turns ugly when he and Hank get into a bitter argument; later, a pent-up and fed-up Walt tries to occupy his time with home-improvement projects. Worried about Walt's physical and emotional states, Skyler confides in her boss; Jane keeps her relationship with Jesse a secret from her father.</p>"
Breaking Bad,12209,Mandala,2,"<p>Saul suggests a new business partner for Walt and Jesse after they begin to lose their dealers to some unforeseen circumstances. At work, Skyler confronts Ted after she uncovers some unnerving information; and Jesse opens up to Jane about what he does for a living, with disastrous results.</p>"
Breaking Bad,12210,Phoenix,2,"<p>A new addition joins the White family as Walter Jr. attempts to help out his struggling family by launching a new Web site. Elsewhere, Jesse's addiction worsens and his relationship with Jane begins to negatively impact Walt and her father.</p>"
Breaking Bad,12211,ABQ,2,"<p>In the Season 2 finale, Skyler's frustration with Walt's secrecy boils over; Jesse is dealt a devastating blow that leads him down a path of self-destruction, and only Walt is willing to help him; and a grief-stricken Donald experiences more tragedy.</p>"
Breaking Bad,12212,No Más,3,"<p>In the third-season premiere, Walt faces a new threat on a new front and deals with an increasingly angry Skyler, who must consider what to do next with her life and the kids'. Meanwhile, Jesse comes face-to-face with some startling self-revelations.</p>"
Breaking Bad,12213,Caballo sin Nombre,3,"<p>Despite ever-increasing tension between Walt and Skyler, he pulls out all the stops in an effort to reconcile with the family. Elsewhere, Saul is instrumental in getting Jesse involved in a most-unusual investment opportunity.</p>"
Breaking Bad,12214,I.F.T.,3,"<p>Walt disregards Skyler's demands and the rift between them widens dramatically, pushing her to take even more drastic steps. Meanwhile, continuing anxiety and panic attacks plague Hank, which leads to a serious situation at the Drug Enforcement Agency.</p>"
Breaking Bad,12215,Green Light,3,"<p>Skyler's latest bit of bad news proves to be a blow to Walt, and his loss of control endangers his job and his business relationships with Saul and Jesse. Hank goes full-speed ahead into the agency's investigation of the blue-meth case, while Jesse cooks up a new plan.</p>"
Breaking Bad,12216,Más,3,"<p>When Gus intensifies efforts to persuade Walt to get back in the meth business, Jesse takes exception and a rift appears in his and Walt's personal relationship. Meanwhile, Skyler's new relationship isn't turning out as she'd like; and Marie tells Skyler about her concerns for the increasingly troubled Hank and his well-being.</p>"
Breaking Bad,12217,Sunset,3,"<p>Walt moves into new digs and a distraught Walter Jr. demands to know just where his parents' relationship stands. Meanwhile, Hank's investigation is beginning to hit too close to home for Walt, causing serious concerns for him and Jesse.</p>"
Breaking Bad,12218,One Minute,3,"<p>Hank's behavior becomes increasingly more unpredictable and volatile, which leads to a confrontation with Jesse and problems at the DEA; Skyler wants Walt to make a deal; and Gus' decisions result in some serious consequences.</p>"
Breaking Bad,12219,I See You,3,"<p>The White and Schrader families anxiously await word on Hank's condition. Meanwhile, Jesse takes care of business at the lab while Walt tries to make peace with Gus, but after witnessing a terrifying flash of anger, Walt starts to fear for his and his family's lives.</p>"
Breaking Bad,12220,Kafkaesque,3,"<p>Hank's stay in the hospital is accompanied by some daunting bills, but Skyler thinks she has a way of dealing with them. Meanwhile, some of the problems between Walt and Gus are ameliorated; and Jesse seeks more independence and grabs a profitable opportunity that presents itself.</p>"
Breaking Bad,12221,Fly,3,"<p>When Walt becomes driven to distraction by a contaminant in the lab, he refuses to cook meth until they are able to get rid of it.</p>"
Breaking Bad,12222,Abiquiu,3,<p>Skyler's increased involvement in Walt's business causes him concern; Hank's recovery is plagued by setbacks; and Jesse makes a surprising discovery as he gets more involved in his new enterprise.</p>
Breaking Bad,12223,Half Measures,3,"<p>Jesse ignores Walt's advice and finds himself in a dangerous situation. Fearing for Jesse's safety, Walt takes drastic measures to try to put things right. And tragedy strikes following an unexpected confrontation.</p>"
Breaking Bad,12224,Full Measure,3,"<p>Jesse goes on the lam in the third-season finale. But Mike is right on his heels, so Walt works a deal with Gus and comes up with an unsettling plan that might help guarantee both his and Jesse's safety.</p>"
Breaking Bad,12225,Box Cutter,4,"<p>In the Season 4 opener, Walt and Jesse are confronted by the life-threatening consequences of their actions. Meanwhile, Skyler contends with a puzzling disappearance, and Marie finds it difficult to help a recovering Hank.</p>"
Breaking Bad,12226,Thirty-Eight Snub,4,"<p>Walt tries to establish a new alliance as he plots his next move. Meanwhile, Skyler urges Walt to consider a business opportunity that could keep the family safe.</p>"
Breaking Bad,12227,Open House,4,<p>Goings-on at Jesse's place start to get out of control; Skyler reluctantly turns to Saul for help; Marie settles back into an old habit; and Hank hears from an old friend who needs assistance.</p>
Breaking Bad,12228,Bullet Points,4,<p>The Cartel makes a power move; Skyler and Walt reveal something embarrassing to the family; and Jesse's misdeeds bring some unwanted attention.</p>
Breaking Bad,12229,Shotgun,4,<p>Jesse's disappearance leaves Walt fearing the worst; Skyler has a surprising reunion; and Hank gives Det. Roberts bad news.</p>
Breaking Bad,12230,Cornered,4,<p>A shocking discovery unsettles Skyler; Walter Jr. leans on his father to make a special purchase; Mike gets surprise help from Jesse.</p>
Breaking Bad,12231,Problem Dog,4,<p>A frustrated Walt takes on a risky gamble; Skyler encounters problems with her latest business venture; Hank requires Walter Jr.'s services for an unusual reason.</p>
Breaking Bad,12232,Hermanos,4,"<p>Skyler devises a plan to cure her money woes; Hank recruits Walt to help him work out a theory, while Walt grows impatient with Jesse.</p>"
Breaking Bad,12233,Bug,4,<p>Mistakes from Skyler's past prove to be impactful to the present; Gus is spurred to action against rivals; Jesse seeks help from Walt but the results are mixed.</p>
Breaking Bad,12234,Salud,4,<p>The family becomes gravely concerned when Walt doesn't show up for his son's 16th birthday celebration. And Jesse's lab skills are tested in Walt's absence.</p>
Breaking Bad,12235,Crawl Space,4,<p>Walt moves to protect his secret and Gus; Skyler is stymied in her attempt to help Ted with his financial problem.</p>
Breaking Bad,12236,End Times,4,"<p>Hank leans on Gomez to explore one final lead, as Walt scrambles to protect his family. Meanwhile, Jesse learns some unsettling news and races to share it with Walt.</p>"
Breaking Bad,12237,Face Off,4,"<p>The fourth season ends with Walt and Jesse squaring off against Gus. Elsewhere, Walt acquires a surprise confederate with help from Saul.</p>"
Breaking Bad,12238,Live Free or Die,5,"<p>In the series 5 premiere, Walt deals with the aftermath of the explosion, while Hank wraps up his investigation of Gus and his criminal empire.</p>"
Breaking Bad,12239,Madrigal,5,<p>Walt and Jesse seek out an unlikely partner for a new business venture. The DEA follows up new leads in its investigation.</p>
Breaking Bad,12240,Hazard Pay,5,<p>Walt and Jesse put a business plan into action. Walt confesses a secret to Marie.</p>
Breaking Bad,12241,Fifty-One,5,<p>Walt celebrates another birthday. Skyler considers her options. An associate complicates Walt and Jesse's plan.</p>
Breaking Bad,12242,Dead Freight,5,<p>Walt's team must get creative to obtain the materials they need to continue their operation.</p>
Breaking Bad,12243,Buyout,5,"<p>Walt, Jesse, and Mike struggle over the future of their business, as occupational hazards weigh on Jesse.</p>"
Breaking Bad,12244,Say My Name,5,<p>Walt takes control of business matters as Mike grapples with the consequences of his actions.</p>
Breaking Bad,12245,Gliding Over All,5,"<p>Walt ties up loose ends. Seeing the evidence of his success, he makes a startling and dangerous decision.</p>"
Breaking Bad,12246,Blood Money,5,"<p>As Walt and Jesse adjust to life out of the business, Hank grapples with a troubling lead.</p>"
Breaking Bad,12247,Buried,5,"<p>While Skyler's past catches up with her, Walt covers his tracks. Jesse continues to struggle with his guilt.</p>"
Breaking Bad,12248,Confessions,5,"<p>Jesse decides to make a change, while Walt and Skyler try to deal with an unexpected demand.</p>"
Breaking Bad,12249,Rabid Dog,5,"<p>An unusual strategy starts to bear fruit, while plans are set in motion that could change everything.</p>"
Breaking Bad,12250,To'hajiilee,5,<p>Things heat up for Walt in unexpected ways.</p>
Breaking Bad,12251,Ozymandias,5,<p>Everyone copes with radically changed circumstances.</p>
Breaking Bad,12252,Granite State,5,<p>Events set in motion long ago move toward a conclusion.</p>
Breaking Bad,12253,Felina,5,<p>The acclaimed crime drama comes to a close in the series finale.</p>
Silicon Valley,10897,Minimum Viable Product,1,"<p>Attending an elaborate launch party, Richard and his computer programmer friends - Big Head, Dinesh and Gilfoyle - dream of making it big. Instead, they're living in the communal Hacker Hostel owned by former programmer Erlich, who gets to claim ten percent of anything they invent there. When it becomes clear that Richard has developed a powerful compression algorithm for his website, Pied Piper, he finds himself courted by Gavin Belson, his egomaniacal corporate boss, who offers a $10 million buyout by his firm, Hooli. But Richard holds back when well-known investor Peter Gregory makes a counteroffer.</p>"
Silicon Valley,10898,The Cap Table,1,"<p>After a celebratory party at the Hacker Hostel, Richard and Erlich learn that Peter Gregory won't pay up until they deliver a viable business plan that includes a slimmed-downed staff. A desperate Richard hires former Belson underling Jared, and they set about trying to trim the fat. While Gilfoyle and Dinesh prove essential, Big Head's place in the company is less certain.</p>"
Silicon Valley,10899,Articles of Incorporation,1,"<p>While Gavin Belson begins to hype Nucleus, a competing compression platform, Richard learns that the name Pied Piper is already registered to a sprinkler company, forcing him to negotiate. Meanwhile, Erlich goes on a vision quest for a new company name, and Peter Gregory proves elusive when one of his companies asks for money.</p>"
Silicon Valley,10900,Fiduciary Duties,1,"<p>At Peter's toga party, Richard drunkenly promises to make Erlich a board member, which he regrets the next morning. After being unassigned at Hooli, Big Head finds others like him who have made careers out of doing nothing. Richard struggles to put Pied Piper's vision into words for a presentation without Erlich; later, he discovers an interesting connection between Peter and Gavin Belson.</p>"
Silicon Valley,10901,Signaling Risk,1,"<p>Erlich convinces a graffiti artist to create Pied Piper's logo, with controversial results. Jared tries to make the company more efficient. After Gavin Belson and Peter Gregory unexpectedly come face-to-face, Richard learns that he only has eight weeks to prepare for a live demo at TechCrunch Disrupt.</p>"
Silicon Valley,10902,Third Party Insourcing,1,"<p>Richard feels threatened when the team hires \"The Carver\", a hacker with a notorious reputation, to help with Pied Piper's cloud. Jared finds himself taken for a ride when he seeks out Peter Gregory's signature. Erlich and Dinesh compete for the attention of Tara, Gilfoyle's visiting girlfriend. Later, Dinesh faces a sexual dilemma.</p>"
Silicon Valley,10903,Proof of Concept,1,"<p>At TechCrunch Disrupt, Richard feels the pressure to finish his demo, but finds himself distracted by a girl he dated briefly, who's now spreading rumors about him. Jared worries that Monica is taking his place in the company. Dinesh develops a crush on a girl at a neighboring booth. Erlich's scandalous past connection to one of the judges threatens Pied Piper's chances.</p>"
Silicon Valley,10904,Optimal Tip-to-Tip Efficiency,1,"<p>Poised to compete at TechCrunch Disrupt, the guys of Pied Piper become worried after an impressive presentation by Gavin Belson. As Jared tries to pivot the company, Richard is inspired to make big changes at the last minute.</p>"
Silicon Valley,117409,Sand Hill Shuffle,2,"<p>Season 2 begins with the Pied Piper guys being wined and dined by every venture capitalist under the sun, while Monica adjusts to a new managing partner at Raviga as the company faces major changes.</p>"
Silicon Valley,142992,Runaway Devaluation,2,"<p>Pied Piper could go under if Richard and the guys can't find legal and financial help in the wake of Hooli's bombshell. Meanwhile, Dinesh tries to thwart a fund-raising campaign for his cousin's new app; and Monica tries to keep her interest in Pied Piper separate from her job.</p>"
Silicon Valley,142993,Bad Money,2,"<p>Richard mulls a proposal by Gavin, but also considers a pitch from Russ Hanneman about backing Pied Piper. Meanwhile, Monica learns surprising news about Richard's deal with Hooli; and Gilfoyle and Dinesh go to extremes to get what they want.</p>"
Silicon Valley,142994,The Lady,2,"<p>Richard butts heads with Erlich over a prospective hire, while Dinesh and Gilfoyle become suspicious that a new employee they recommended is commanding a higher salary. Big Head gets a surprising promotion at Hooli. At a board meeting, Monica and Richard find themselves outvoted; Jared institutes a workplace harassment policy.</p>"
Silicon Valley,153965,Server Space,2,"<p>Gavin creates interference that hinders Pied Piper's expansion. Meanwhile, the guys could be threatened by a nosy neighbor; Guilfoyle sets out to build servers; Richard's reluctant to let Jared move in; and Big Head's leadership skills are suspect.</p>"
Silicon Valley,154580,Homicide,2,"<p>Erlich runs into an old protégé who's now an energy drink billionaire when Monica urges the guys to pursue a livestream opportunity, but Richard learns their friendship isn't what Erlich thinks it is. Meanwhile, Jared wants Carla and Monica to be friends.</p>"
Silicon Valley,155129,Adult Content,2,"<p>The team fields job offers and Russ is distracted by financial news, but Richard realizes Pied Piper could fold if it doesn't merge with a hated rival. Meanwhile, Dinesh tries to woo a woman online; and Gavin looks on the bright side of Nucleus' failure.</p>"
Silicon Valley,155130,White Hat/Black Hat,2,"<p>Richard gets paranoid about security after he takes pity on a competitor and inadvertently starts a feud. Meanwhile, Jared fibs about Pied Piper's size; and Gavin looks for a scapegoat when he feels pressure from board members.</p>"
Silicon Valley,155199,Binding Arbitration,2,"<p>Erlich wants to testify when Pied Piper and Hooli enter binding arbitration, but Richard worries that his rival's claims could have merit. Meanwhile, Jared, Dinesh and Gilfoyle debate a philosophical theory; and Big Head gets a boost.</p>"
Silicon Valley,155200,Two Days of the Condor,2,"<p>As the guys await the verdict on Pied Piper's fate, an unexpected real-life drama draws a spike in traffic to their livestream and leaves them fighting to hold things together - literally. While Erlich considers his future, Richard scrambles to save Pied Piper's.</p>"
Silicon Valley,560883,Founder Friendly,3,"<p>After being unceremoniously fired, an angry Richard faces a tough decision: accept the diminished role of CTO, or leave Pied Piper for good. Erlich takes a shine to Jack Barker, Laurie's new choice of CEO, while Dinesh and Gilfoyle weigh their options in Richard's absence. At Hooli, Gavin tries to improve his image by admitting failure, and Big Head gets wind of major changes.</p>"
Silicon Valley,668661,Two in the Box,3,"<p>The new and improved Pied Piper impresses Dinesh and Gilfoyle, but worries Richard; Jared and Erlich both face housing issues; Gavin suggests a controversial move.</p>"
Silicon Valley,668662,Meinertzhagen's Haversack,3,<p>Richard searches for a way around Jack; Gilfoyle opens himself up to recruiters; Dinesh draws unwanted attention from a recent purchase.</p>
Silicon Valley,670680,Maleant Data Systems Solutions,3,<p>The Pied Piper guys struggle to phone it in; Erlich faces competition; Monica takes a stand; Gavin makes a decision about Nucleus.</p>
Silicon Valley,670682,The Empty Chair,3,"<p>Richard lets his ego get in the way at an interview; Dinesh, Gilfoyle and Jared misplace hardware; Erlich pitches his plans to Big Head.</p>"
Silicon Valley,670681,Bachmanity Insanity,3,<p>Richard's new relationship is threatened by neuroses; Big Head and Erlich's launch party has snags; Dinesh falls for a foreign coworker.</p>
Silicon Valley,717453,To Build a Better Beta,3,"<p>When the guys decide to release the beta version of Pied Piper, they receive an unexpected response. With a limited number of beta invites each, Dinesh worries about his lack of friends, while Gilfoyle looks to catch him in a lie. Monica worries about how to deliver criticism. Facing financial woes, Erlich considers a big decision, and Gavin challenges the Nucleus team to do the impossible.</p>"
Silicon Valley,729570,Bachman's Earning's Over-ride,3,"<p>Erlich struggles to come clean to Richard, who is forced to make a choice between their friendship and the company's future. Jared's new Pied Piper apparel makes a splash, and divides Dinesh and Gilfoyle. As Gavin faces major life changes, the guys celebrate a rare victory.</p>"
Silicon Valley,729571,Daily Active Users,3,"<p>Upon discovering surprising stats, Richard attempts to bridge the gap between Pied Piper and its users, leading Jared to take drastic measures to hold everything together. Gavin learns secrets about the competition and decides to bring in a new face to reclaim his former glory.</p>"
Silicon Valley,729572,The Uptick,3,"<p>With Pied Piper's future in question, Erlich's publicity success leaves Richard in a moral quandary, just as Dinesh's video-chat app gathers speed. While Laurie prepares to jump ship, Gavin's comeback at Hooli is threatened by his displays of grandeur.</p>"
Silicon Valley,1069871,Success Failure,4,"<p>In the wake of Pied Piper's clickfarm scandal, the guys struggle to find funding for Pied Piper's video-chat app to keep up with their rapidly growing user base. Erlich faces resistance from Big Head's dad, while Gavin balks after Jack steps on his toes at Hooli. Having a hard time adjusting to his company's pivot, Richard gets sage advice from an unexpected source, leading him to a big idea that could change his future.</p>"
Silicon Valley,1093340,Terms of Service,4,"<p>Richard butts heads with Dinesh, whose new position goes to his head. Later, Richard discovers interesting data about PiperChat's users. Erlich makes a play to be involved in Jian-Yang's new app; Jared sets ground rules in his friendship with Richard; Gavin's paranoia over Jack's enthusiasm causes him to make a rash decision.</p>"
Silicon Valley,1119032,Intellectual Property,4,"<p>An overtired Richard pushes himself to the brink of sanity while trying to move ahead with his next big idea. Eyeing a comeback, Erlich pressures an uncooperative Jian-Yang. Monica sets a trap at Raviga to improve her standing with Laurie. Dinesh goes on a date; Big Head enters the world of academia; Gavin faces an unknown future.</p>"
Silicon Valley,1119033,Teambuilding Exercise,4,"<p>When Richard reaches out to an unlikely ally, Jared worries about the company he's keeping. Gilfoyle gets tough on security in the wake of Dinesh's latest dalliance; later, he considers whether to put his pride aside for a job. Concerned about Jian-Yang's commitment to his app, Erlich takes matters into his own hands.</p>"
Silicon Valley,1151634,The Blood Boy,4,"<p>Cracks in Richard's latest partnership become more apparent when he's forced to deal with an unexpected interloper. As things get more serious, Dinesh scrambles to find a way out of his new relationship. After learning of surprising developments afoot at Raviga, Monica has trouble deciding which horse to back.</p>"
Silicon Valley,1151635,Customer Service,4,"<p>On the hunt for financial support, Richard looks outside the tech bubble, and crosses paths with a contentious figure from Pied Piper's past. Erlich reaches out to Monica and Laurie in search of a new endeavor. A launch gone wrong finds Dinesh and Gilfoyle at war as Jared tries to keep the peace.</p>"
Silicon Valley,1151636,The Patent Troll,4,"<p>When Richard decides to stand up to a patent troll, his defiance ends up coming back to haunt him. Gilfoyle goes to desperate measures to battle Jian-Yang's new smart fridge. Jared embraces multiple identities in his quest to reduce costs. Erlich tries to hang with the alpha males.</p>"
Silicon Valley,1151637,The Keenan Vortex,4,"<p>An unexpected increase in data traffic leads Richard to turn to Erlich for help in garnering a deal with Keenan Feldspar, Silicon Valley's latest \"it\" boy – but when Keenan makes a too-good-to-resist offer, Richard must weigh Pied Piper's future against a potential mutiny. Jack faces setbacks while preparing for Hooli-Con.</p>"
Silicon Valley,1168582,Hooli-Con,4,<p>The Pied Piper guys try to pull off a stealth plan at Hooli-Con.</p>
Silicon Valley,1168583,Server Error,4,<p>Richard finds himself in a web of lies; Jared plans his exit; Jack bets big; Gavin plots a comeback.</p>
Silicon Valley,1387194,Grow Fast or Die Slow,5,"<p>Now that Pied Piper has ample funding and new offices, the pressure to get things right stymies Richard and forces him to grow the company in a way he hadn't planned. A picky Dinesh and Gilfoyle question their ability to make good decisions. After returning to Hooli, Gavin worries about becoming antiquated.</p>"
Silicon Valley,1419259,Reorientation,5,"<p>Panicked by suddenly leading a much larger team, Richard finds himself managing a number of small conflicts in his efforts to unite his new employees. Dinesh celebrates a new purchase that Gilfoyle looks to spoil. Jian-Yang goes to court. Gavin meets pushback over his signature and what it says about him.</p>"
Silicon Valley,1419260,Chief Operating Officer,5,"<p>Encouraged by Jared to strike up a friendship with Dana, a like-minded CEO, Richard instead finds himself charmed by Dana's COO, who challenges his loyalty to Gilfoyle. Facing limited housing options thanks to his impulse purchase, Dinesh searches for a new roommate.</p>"
Silicon Valley,1436933,Tech Evangelist,5,"<p>Attempting to woo a gaming company to PiperNet, Richard inadvertently angers a prized ally; Dinesh deals with a betrayal; in preparation for a big launch, Gavin leaves his underlings with a cryptic message; Jared gets inside information from Big Head.</p>"
Silicon Valley,1436934,Facial Recognition,5,"<p>Overshadowed by Jared in an on-camera interview, Richard's confidence wavers further when Laurie and Monica force him to work with Eklow, a new artificial-intelligence company. Gilfoyle worries about the prospect of introducing AI into Pied Piper. Dinesh makes Jared self-conscious ahead of a second interview. Gavin questions his future beyond Hooli.</p>"
Silicon Valley,1436935,Artificial Emotional Intelligence,5,"<p>Richard decides to help when Laurie gets in a jam, but his lack of emotional discipline threatens to backfire on Pied Piper. Gavin tries to make a deal with a stubborn partner while abroad. Dinesh relishes a rare win. Jared bonds with a surprising figure.</p>"
Silicon Valley,1445226,Initial Coin Offering,5,"<p>As the Pied Piper guys prepare to close on their Series B funding, Richard receives some unsettling news. Gilfoyle suggests a risky proposition and Monica gets blunt with Richard. Dinesh goes to great lengths to compete with a coworker, while Jared keeps close watch on Richard's new assistant. In search of a better deal, Gavin tries to charm small-town America.</p>"
Silicon Valley,1445227,Fifty-One Percent,5,"<p>The launch of PiperNet finds Monica suspicious of an early success, and the team must race against the clock as their future is threatened. Realizing he's made more enemies then friends, Richard makes a surprising move.</p>"
Silicon Valley,1698000,Artificial Lack of Intelligence,6,<p>Richard discovers his promise to keep Pied Piper free from collecting user data is under threat. Jared finds himself missing his role as Richard's go-to guy and revisits the hacker hostel. Gilfoyle devises a creative way to deal with Dinesh's complaining.</p>
Silicon Valley,1730750,Blood Money,6,"<p>When Richard meets an interested investor with a sketchy past, he must weigh his integrity against a tempting financial offer. Jared seeks a new future, putting him at odds with Richard. A defiant Gilfoyle butts heads with HR over his lack of direct reports. Hoover and Denpok worry when Gavin explores alternative solutions to keep a leaner Hooli afloat.</p>"
Silicon Valley,1730751,Hooli Smokes!,6,<p>The Pied Piper team races to close a major deal; Dinesh considers being a better person; an angry Jared reluctantly helps Richard.</p>
Silicon Valley,1732276,Maximizing Alphaness,6,<p>Richard's authority is threatened by his former Hooli manager; Monica tries to prove her support of other women; Gavin sets his sights on the literary world.</p>
Silicon Valley,1757882,Tethics,6,<p>Richard fumes at Gavin's new ethical stance; Dinesh's trip turns into a nightmare; Gilfoyle and Monica work on their peer review scores.</p>
Silicon Valley,1757883,RussFest,6,<p>A major event puts PiperNet's capabilities to the test; Monica confronts Jian-Yang over his use of Pied Piper's name.</p>
Silicon Valley,1757884,Exit Event,6,<p>Richard and the Pied Piper team look to pull off a spectacular feat on the day of a big launch.</p>
